id,firstName,lastName,age,gender,email,phone,username
1,Emily,Johnson,29,female,emily.johnson@x.dummyjson.com,+81 965-431-3024,emilys
2,Michael,Williams,36,male,michael.williams@x.dummyjson.com,+49 258-627-6644,michaelw
3,Sophia,Brown,43,female,sophia.brown@x.dummyjson.com,+81 210-652-2785,sophiab
4,James,Davis,46,male,james.davis@x.dummyjson.com,+49 614-958-9364,jamesd
5,Emma,Miller,31,female,emma.miller@x.dummyjson.com,+91 759-776-1614,emmaj
6,Olivia,Wilson,23,female,olivia.wilson@x.dummyjson.com,+91 607-295-6448,oliviaw
7,Alexander,Jones,39,male,alexander.jones@x.dummyjson.com,+61 260-824-4986,alexanderj
8,Ava,Taylor,28,female,ava.taylor@x.dummyjson.com,+1 458-853-7877,avat
9,Ethan,Martinez,34,male,ethan.martinez@x.dummyjson.com,+92 933-608-5081,ethanm
10,Isabella,Anderson,32,female,isabella.anderson@x.dummyjson.com,+49 770-658-4885,isabellad
11,Liam,Garcia,30,male,liam.garcia@x.dummyjson.com,+92 870-217-6201,liamg
12,Mia,Rodriguez,25,female,mia.rodriguez@x.dummyjson.com,+49 989-461-8403,miar
13,Noah,Hernandez,41,male,noah.hernandez@x.dummyjson.com,+49 393-605-6968,noahh
14,Charlotte,Lopez,37,female,charlotte.lopez@x.dummyjson.com,+44 373-953-5028,charlottem
15,William,Gonzalez,33,male,william.gonzalez@x.dummyjson.com,+81 905-252-7319,williamg
16,Avery,Perez,26,female,avery.perez@x.dummyjson.com,+61 731-431-3457,averyp
17,Evelyn,Sanchez,38,female,evelyn.sanchez@x.dummyjson.com,+1 623-880-6871,evelyns
18,Logan,Torres,32,male,logan.torres@x.dummyjson.com,+81 507-434-8733,logant
19,Abigail,Rivera,29,female,abigail.rivera@x.dummyjson.com,+91 228-363-7806,abigailr
20,Jackson,Evans,35,male,jackson.evans@x.dummyjson.com,+44 468-628-6686,jacksone
21,Madison,Collins,27,female,madison.collins@x.dummyjson.com,+81 259-957-5711,madisonc
22,Elijah,Stewart,34,male,elijah.stewart@x.dummyjson.com,+44 468-357-7872,elijahs
23,Chloe,Morales,40,female,chloe.morales@x.dummyjson.com,+92 468-541-7133,chloem
24,Mateo,Nguyen,31,male,mateo.nguyen@x.dummyjson.com,+1 341-597-6694,mateon
25,Harper,Kelly,28,female,harper.kelly@x.dummyjson.com,+92 518-863-2863,harpere
26,Evelyn,Gonzalez,36,female,evelyn.gonzalez@x.dummyjson.com,+61 708-508-4638,evelyng
27,Daniel,Cook,42,male,daniel.cook@x.dummyjson.com,+44 254-761-6843,danielc
28,Lily,Lee,30,female,lily.lee@x.dummyjson.com,+1 808-757-9867,lilyb
29,Henry,Hill,39,male,henry.hill@x.dummyjson.com,+1 240-833-4680,henryh
30,Addison,Wright,33,female,addison.wright@x.dummyjson.com,+1 514-384-3300,addisonw
